date,type
2023-09-21,ltd
2023-09-21,ltd
2023-09-21,ltd
2023-09-21,ltd
2023-09-21,ltd
2023-09-21,private-limited-guarant-nsc
2023-09-21,ltd
2023-09-21,ltd
2023-09-21,ltd
2023-09-21,ltd
2023-09-21,ltd
2023-09-21,ltd
2023-09-21,ltd
2023-09-21,ltd
2023-09-21,ltd
2023-09-21,ltd
2023-09-21,ltd
2023-09-21,ltd
2023-09-21,ltd
2023-09-21,ltd
2023-09-21,ltd
2023-09-21,ltd
2023-09-21,ltd
2023-09-21,ltd
2023-09-21,ltd
2023-09-21,ltd
2023-09-21,ltd
2023-09-21,ltd
2023-09-21,ltd
2023-09-21,ltd
2023-09-21,ltd
2023-09-21,ltd
2023-09-21,ltd
2023-09-21,ltd
2023-09-21,private-limited-guarant-nsc
2023-09-21,ltd
2023-09-21,ltd
2023-09-21,ltd
2023-09-21,ltd
2023-09-21,ltd
2023-09-21,ltd
2023-09-21,ltd
2023-09-21,ltd
2023-09-21,ltd
2023-09-21,ltd
2023-09-21,ltd
2023-09-21,ltd
2023-09-21,ltd
2023-09-21,ltd
2023-09-21,ltd
